row,timestamp,h4_bbw,h4_mid,h4_ud,h1_bbw,h1_mid,h1_ud,m30_bbw,m30_mid,m30_ud,m15_bbw,m15_mid,m15_ud,d1_bbw,d1_mid,diffbbw_h4,cas_shrinktf,cas_sqzcount,trade_event
1,03.02 04:00,511,1,1,512,1,3,512,1,3,513,1,2,523,3,+58.7,5,0,
2,03.02 08:00,511,1,1,512,1,3,512,1,3,413,3,0,523,3,+73.4,5,1,
3,03.02 12:00,511,1,1,512,1,3,511,1,0,513,1,2,523,3,+77.0,5,0,
4,03.02 16:00,511,1,1,512,1,0,424,4,0,513,1,2,523,3,+59.0,5,1,
5,03.02 20:00,512,1,3,513,1,2,522,2,4,522,2,0,523,3,+2.5,5,0,
6,03.03 04:00,512,1,3,422,4,0,413,1,0,512,5,3,523,1,+3.7,5,2,
7,03.03 07:45,512,1,3,422,2,2,513,1,2,511,5,1,523,1,+3.7,5,1,OPEN BUY
8,03.03 08:00,512,1,3,422,2,0,513,3,0,521,2,1,523,1,-8.9,5,1,
9,03.03 12:00,512,1,3,422,2,4,521,2,1,522,2,4,523,1,-13.3,5,1,
10,03.03 16:00,512,3,1,521,2,1,522,2,4,522,2,4,523,1,+12.6,5,0,
11,03.03 20:00,512,3,1,522,2,4,522,2,4,523,2,2,523,1,+50.5,5,0,
12,03.04 04:00,521,3,1,523,2,2,413,3,0,511,1,1,513,1,+1.9,5,1,
13,03.04 08:00,521,4,1,523,2,2,512,1,3,513,5,2,513,1,+7.1,5,0,
14,03.04 12:00,521,3,1,523,3,0,513,1,0,511,1,1,513,1,+1.2,5,0,
15,03.04 16:00,521,3,1,421,1,0,512,3,0,513,5,2,513,1,+5.3,5,1,
16,03.04 20:00,521,2,1,421,1,2,521,2,1,522,2,4,513,1,+18.7,5,1,
17,03.05 04:00,522,2,4,413,5,0,511,1,1,512,1,3,512,1,+8.5,-1,1,
18,03.05 08:00,522,2,4,511,3,4,513,1,2,521,2,1,512,1,-10.9,2,0,
19,03.05 12:00,522,2,4,523,2,2,413,3,0,523,2,2,512,1,-19.3,3,1,
20,03.05 16:00,522,2,4,521,2,1,521,2,4,521,2,1,512,1,-48.9,-1,0,
21,03.05 20:00,522,2,4,521,2,1,522,2,0,523,2,2,512,1,-50.4,1,0,
22,03.06 04:00,522,2,0,523,2,2,413,3,1,511,1,1,513,1,-51.2,5,1,
23,03.06 08:00,523,2,2,523,2,2,512,1,3,513,1,2,513,1,-101.0,5,0,
24,03.06 12:00,523,2,2,523,2,0,513,3,2,522,2,4,513,1,-123.3,5,0,
25,03.06 16:00,523,2,2,522,5,0,522,2,0,523,3,2,513,1,-92.9,5,0,
26,03.06 20:00,523,4,2,512,1,3,511,1,1,512,1,0,513,1,-14.9,5,0,
27,03.09 04:00,422,2,0,521,2,1,521,2,1,522,2,4,513,1,+41.3,5,1,
28,03.09 08:00,521,2,1,522,3,4,522,2,4,413,1,3,513,1,+8.3,5,1,
29,03.09 12:00,522,2,4,513,3,0,523,2,2,513,5,2,513,1,-3.7,5,0,
30,03.09 16:00,522,2,4,522,2,4,413,3,0,523,4,0,513,1,-0.5,5,1,
31,03.09 20:00,522,2,0,523,2,2,423,3,0,512,1,3,513,1,-22.1,5,1,
32,03.10 04:00,523,3,0,512,1,3,512,1,0,513,5,2,512,1,+0.1,4,0,
33,03.10 08:00,423,3,0,512,1,3,513,1,2,512,1,0,512,1,-1.1,2,1,
34,03.10 12:00,423,3,1,512,1,3,411,1,3,512,1,3,512,1,+8.7,-1,2,
35,03.10 16:00,511,5,1,512,1,0,423,1,0,511,5,3,512,1,+20.7,-1,1,
36,03.10 20:00,511,1,1,512,1,3,511,1,0,512,1,0,512,1,+50.8,-1,0,
37,03.11 04:00,512,1,3,512,1,3,421,1,3,511,1,1,512,1,+11.1,-1,1,
38,03.11 08:00,512,1,3,512,1,0,423,3,0,513,1,2,512,1,+11.5,1,1,
39,03.11 12:00,512,1,3,513,5,2,423,3,1,521,2,0,512,1,+6.7,3,1,
40,03.11 16:00,512,1,3,425,2,4,522,2,4,521,2,1,512,1,-6.9,-1,1,
41,03.11 20:00,512,1,3,521,2,0,522,2,0,522,4,4,512,1,-10.9,-1,0,
42,03.12 04:00,512,3,0,522,2,4,521,2,0,522,2,4,512,1,+0.0,-1,0,
43,03.12 06:30,512,3,0,522,2,4,522,2,4,523,4,0,512,1,+0.0,1,0,CLOSE BUY / OPEN SELL
44,03.12 06:30,512,3,0,522,2,4,522,2,4,523,4,0,512,1,+0.0,1,0,OPEN SELL
45,03.12 08:00,512,4,0,522,2,4,522,2,0,523,5,2,512,1,-7.5,1,0,
46,03.12 12:00,512,1,0,423,3,2,511,1,0,512,1,3,512,1,-51.6,-1,1,
47,03.12 15:15,512,1,0,421,3,0,512,5,0,423,3,2,512,1,-51.6,-1,2,CLOSE SELL
48,03.12 16:00,513,1,2,421,5,0,512,1,3,521,4,0,512,1,-15.7,4,1,
49,03.12 20:00,513,3,2,521,2,0,521,2,1,522,2,4,512,1,-10.4,4,0,
50,03.13 04:00,513,3,0,522,2,4,523,2,2,511,1,1,513,1,+2.7,5,0,
51,03.13 08:00,513,4,1,522,2,4,423,3,4,513,3,2,513,1,+15.7,5,1,
52,03.13 12:00,521,2,1,522,2,0,424,3,1,522,2,0,513,1,+26.9,5,1,
53,03.13 16:00,521,2,0,523,4,2,521,4,0,511,1,0,513,1,+5.7,5,0,
54,03.13 20:00,521,2,1,521,2,1,521,2,1,522,2,4,513,1,+43.9,5,0,
55,03.16 04:00,521,2,0,522,2,4,523,2,2,523,2,2,513,3,+23.3,5,0,
56,03.16 08:00,521,2,0,522,2,4,523,2,2,513,3,0,513,3,+18.0,5,0,
57,03.16 12:00,522,2,4,522,2,0,522,3,0,521,2,0,513,3,+16.0,5,0,
58,03.16 16:00,522,2,4,523,2,2,522,3,1,511,1,1,513,3,-4.1,5,0,
59,03.16 20:00,522,2,4,422,2,4,522,2,4,521,4,1,513,3,+7.1,5,1,
60,03.17 04:00,522,2,4,422,2,0,523,2,2,425,2,4,513,3,-9.6,5,2,
61,03.17 08:00,522,2,4,511,1,1,512,1,3,512,1,3,513,3,-19.4,5,0,
62,03.17 12:00,522,2,4,421,1,3,513,1,2,522,4,4,513,3,-24.9,5,1,
63,03.17 16:00,522,2,0,421,1,2,521,3,4,523,2,2,513,3,-34.9,5,1,
64,03.17 16:30,522,2,0,421,1,2,522,2,4,523,4,2,513,3,-34.9,5,1,OPEN SELL
65,03.17 19:30,522,2,0,423,3,1,521,4,0,521,4,0,513,3,-34.9,5,1,CLOSE SELL
66,03.17 20:00,523,2,2,423,4,1,522,2,4,522,4,0,513,3,-60.0,5,1,
67,03.18 04:00,523,2,0,423,2,2,422,4,2,511,3,0,513,5,-14.3,5,2,
68,03.18 08:00,522,2,4,422,2,4,521,2,1,521,2,0,513,5,-15.4,5,1,
69,03.18 12:00,522,2,0,424,2,0,511,2,0,521,4,1,513,5,-45.3,5,1,
70,03.18 16:00,522,2,0,521,2,1,521,2,1,521,2,1,513,5,+59.5,5,0,
71,03.18 20:00,522,2,0,521,2,0,522,2,4,523,2,2,513,5,+10.0,5,0,
72,03.19 04:00,521,2,1,522,2,4,522,2,4,523,2,2,521,2,+47.1,1,0,
73,03.19 08:00,521,2,1,523,2,2,523,2,2,513,5,2,521,2,+39.4,3,0,
74,03.19 12:00,521,2,1,521,2,0,521,2,1,522,2,4,521,2,+135.2,-1,0,
75,03.19 16:00,521,2,1,521,2,1,522,2,0,521,2,1,521,2,+213.9,-1,0,
76,03.19 20:00,521,2,1,522,2,4,522,2,4,523,2,2,521,2,+147.3,1,0,
77,03.20 04:00,522,2,4,523,2,2,411,1,3,513,5,2,521,2,+51.3,3,1,
78,03.20 08:00,522,2,4,403,3,0,512,1,3,512,1,3,521,2,-0.3,-1,1,
